[{"@type":"mappletTemplate","id":"@1","name":"mplt_DEU_ID_Card_Number_Parse","description":"Parses the German ID cared number from a longer string. The German ID card number, also known as the Personalausweisnummer.\n\nIt is a unique identification number assigned to each individual who holds a German national identity card (Personalausweis). It is a 10 or 11-digit alphanumeric code that serves as a unique identifier for the cardholder.\n\nTags: Germany, Parse, Conformity, Accuracy, High","documentType":"DMAPPLET","valid":true,"validForEngines":["CDI","CDI_E"],"active":false,"hasFixedReferences":false,"templateId":"@2","templateImageId":"@3"}]