[{"@type":"mappletTemplate","id":"@1","name":"mplt_GBR_Postcode_Standardise","description":"Rules standardises a GBR postcode into the standard format depending on the postcode format. The following formats are supported: A9 9AA, A99 9AA, AA9 9AA, AA99 9AA, A9A 9AA, and AA9A 9AA. \nThe unique postcode format GIR 0AA is also supported.\nAny other patterns will not be standardised and will be output as is.\n\nTags : UK , Great Britain , GBR , Postcode , Standardisation \n\nTags:  UK, Address, Accuracy, Conformity/Validity","documentType":"DMAPPLET","valid":true,"validForEngines":["CDI","CDI_E"],"active":false,"hasFixedReferences":false,"templateId":"@2","templateImageId":"@3"}]