[{"@type":"mtTask","id":"@1","name":"mt_parameterized_file","description":"","runtimeEnvironmentId":"@6tWdCqFp6iNhMJUKXO5nis","maxLogs":10,"verbose":false,"mappingId":"@gDPrUmAtjW7lm9tEfZJ7qz","frsGuid":"1iy5cZ143WzgkY8mG3Slaa","shortDescription":"","sessionPropertiesList":[],"hidden":false,"enableCrossSchemaPushdown":true,"enableParallelRun":false,"autoTunedApplied":false,"autoTunedAppliedType":"NONE","schemaMode":"async","valid":false,"schemaValidationErrorCount":-1,"parameterFileEncoding":"UTF-8","serverlessProperties":{},"taskProperties":[{"@type":"taskProperty","name":"parameterFileDir","currentValue":"","type":"STRING","label":"label.parameterFileDir","required":false},{"@type":"taskProperty","name":"parameterFileName","currentValue":"","type":"STRING","label":"label.parameterFileName","required":false}],"isMidstreamPreview":false,"parameters":[{"@type":"mtTaskParameter","id":3657798,"name":"$Source$","type":"EXTENDED_SOURCE","label":"Source","uiProperties":{"connectionParameterized":"false","isSelectDistinct":"false","isMsrcFilterParameterized":"false","isMsrcSortParameterized":"false","objlabel":"FileName","origobjlabel":"","objectParameterized":"true","objDesc":"","objectParamName":"FileName","objectParamType-mapping":"DataObject","originalPath":"Source"},"sourceConnectionId":"@3ruZ7cdF688lkAvY5Fc6Yj","newFlatFile":false,"newObject":false,"showBusinessNames":true,"naturalOrder":true,"truncateTarget":false,"bulkApiDBTarget":false,"customFuncCfg":{"@type":"customFuncConfig","id":-1,"connections":[],"inputMap":[],"outputFields":[]},"targetRefsV2":{},"targetUpdateColumns":[],"extendedObject":{"@type":"extendedObject","object":{"@type":"mObject","name":"SrcFiles/Employee.csv","label":"SrcFiles/Employee.csv","metadataUpdated":false,"relations":[],"children":[]},"singleMode":true,"objects":[{"@type":"mObject","name":"SrcFiles/Employee.csv","label":"SrcFiles/Employee.csv","metadataUpdated":false,"relations":[],"children":[]}],"filters":[],"sortFields":[]},"runtimeAttrs":{},"isRESTModernSource":true,"isFileList":false,"handleSpecialChars":false,"handleDecimalRoundOff":false,"frsAsset":false,"dynamicFileName":false,"excludeDynamicFileNameField":false,"currentlyProcessedFileName":false,"retainFieldMetadata":false,"useExactSrcNames":false,"tgtObjectAttributes":{},"runtimeParameterData":{"@type":"mtTaskRuntimeParameterData","isConnectionRuntimeParameter":false,"isObjectRuntimeParameter":false,"objectParameterName":"FileName"},"overridableProperties":[{"@type":"overridableProperty","id":"defaultPrecision","labelKey":"Source_defaultPrecision","type":"integer","hidden":false,"required":false,"defaultValue":"","renderingHints":{}},{"@type":"overridableProperty","id":"defaultScale","labelKey":"Source_defaultScale","type":"integer","hidden":false,"required":false,"defaultValue":"","renderingHints":{}},{"@type":"overridableProperty","id":"defaultNativeDataType","labelKey":"Source_defaultNativeDataType","type":"string","hidden":false,"required":false,"defaultValue":"","renderingHints":{}}],"overriddenFields":[]},{"@type":"mtTaskParameter","id":3657799,"name":"$Target$","type":"TARGET","label":"Target","uiProperties":{"connectionParameterized":"false","objlabel":"FileName","origobjlabel":"","objectParameterized":"true","objDesc":"","objectParamName":"FileName","objectParamType-mapping":"DataObject","defaultTargetUpdateColumns":"","supportApplyDDLChanges":"true","originalPath":"Target"},"targetConnectionId":"@5eyjHvppHM3fuxJohKnkEO","newFlatFile":false,"newObject":false,"showBusinessNames":true,"naturalOrder":true,"truncateTarget":false,"bulkApiDBTarget":false,"operationType":"Insert","customFuncCfg":{"@type":"customFuncConfig","id":-1,"connections":[],"inputMap":[],"outputFields":[]},"targetRefsV2":{},"targetUpdateColumns":[],"extendedObject":{"@type":"extendedObject","singleMode":true,"filters":[],"sortFields":[]},"runtimeAttrs":{},"isRESTModernSource":true,"isFileList":false,"handleSpecialChars":false,"handleDecimalRoundOff":false,"frsAsset":false,"dynamicFileName":false,"excludeDynamicFileNameField":false,"currentlyProcessedFileName":false,"retainFieldMetadata":false,"useExactSrcNames":false,"tgtObjectAttributes":{},"runtimeParameterData":{"@type":"mtTaskRuntimeParameterData","isConnectionRuntimeParameter":false,"isObjectRuntimeParameter":false,"objectParameterName":"FileName"},"overridableProperties":[],"overriddenFields":[]}],"sequences":[],"inOutParameters":[],"connRuntimeAttrs":[]}]