[{"@type":"mappletTemplate","id":"@1","name":"mplt_CAN_Phone_Number_Standardization","description":"This mapplet standardizes the format of the phone string to have \nPhone_w_Extenstion - (nnn) nnn-nnnn ext nnnnnnnnnnn\nstandard - (nnn) nnn-nnnn\ndashes - nnn-nnn-nnnn\nno spaces - nnnnnnnnnn\n\nTags: Standardize, Company, North America, Customer, Phone, Canada","documentType":"DMAPPLET","valid":true,"validForEngines":["CDI","CDI_E"],"active":false,"hasFixedReferences":false,"templateId":"@2","templateImageId":"@3"}]