[{"@type":"mappletTemplate","id":"@1","name":"mplt_BRA_Salutation_Assignment","description":"This mapplet generates a formal and casual greeting.  \nSr John Smith will get a formal greeting of Prezado Sr Smith,\nand the casual greeting will be Prezado John,.  The prefix (Prezado) and suffix (,) \ncan be changed in dq_Generate_Salutation transform.\n\nTags: Name, Enrich, Brazil, Customer","documentType":"DMAPPLET","valid":true,"validForEngines":["CDI","CDI_E"],"active":false,"hasFixedReferences":false,"templateId":"@2","templateImageId":"@3"}]