[{"@type":"mappletTemplate","id":"@1","name":"mplt_aus_bsb_parse","description":"Rules parse an Australia BSB number (Bank-State-Branch) from a longer string. BSB numbers are a 6 digit string. \nAs a result, this rule will parse any 6 digit string contained in the full text as a BSB number.\n\nFormats parsed: 111111\n\nTags: Finance, Australia, Parse","documentType":"DMAPPLET","valid":true,"validForEngines":["CDI","CDI_E"],"active":false,"hasFixedReferences":false,"templateId":"@2","templateImageId":"@3"}]