[{"@type":"mappletTemplate","id":"@1","name":"mplt_CAN_Address_Certification_Hybrid","description":"Mapplet validates Canadian address data which is in hybrid format, meaning fields with \ncombined street data and discrete fields for city, state and zipcode.  Outputs include the USA CASS Certification ports. \nNOTE: Please complete required information in the Reports section in the Address Validation transform.\n\nTags: Address, North America, Canada, USA, Validate, Customer","documentType":"DMAPPLET","valid":true,"validForEngines":["CDI","CDI_E"],"active":false,"hasFixedReferences":false,"templateId":"@2","templateImageId":"@3"}]