[{"@type":"mappletTemplate","id":"@1","name":"mplt_FRA_Salutation_Assignment","description":"This mapplet generates a formal and casual greeting.  \nMr. John Smith will get a formal greeting of Cher Mr. Smith, and the casual greeting will be Cher John,.\nNote: The Gender input should be a single char, M or F.\n\nTags : Salutation , France , Conformity","documentType":"DMAPPLET","valid":true,"validForEngines":["CDI","CDI_E"],"active":false,"hasFixedReferences":false,"templateId":"@2","templateImageId":"@3"}]