[{"@type":"mappletTemplate","id":"@1","name":"mplt_DEU_ID_Card_Number_Standardize","description":"Mapplet formats a 9 to 11 character Germany ID Card number, regardless of spacing or punctuation. \n\nInputs not equal 9, 10 or 11 and less than 8 characters or grater than 11 will be returned as is.\n\nValid formats returned are nnnnnnnnn, nnnnnnnnnn, nnnnnnnnnnn\n\nTags: Germany, Completeness, High","documentType":"DMAPPLET","valid":true,"validForEngines":["CDI","CDI_E"],"active":false,"hasFixedReferences":false,"templateId":"@2","templateImageId":"@3"}]