[{"@type":"mappletTemplate","id":"@1","name":"mplt_aus_tax_file_number_standardize","description":"Formats Australian Tax File Number (TFN) as indicated by the variable value in the expression. Valid formats are No_Punctuation, Space or Dash for nnnnnnnnn, nnn nnn nnn or nnn-nnn-nnn respectively.\n\nTags: Australia, Conformity, Tax, Completeness","documentType":"DMAPPLET","valid":true,"validForEngines":["CDI","CDI_E"],"active":false,"hasFixedReferences":false,"templateId":"@2","templateImageId":"@3"}]