[{"@type":"mappingTemplate","id":"@1","name":"m_oracle_customer_enrichment","description":"","bundleVersion":"0","templateId":"@3","deployTime":1707833447000,"hasParameters":false,"valid":true,"fixedConnection":true,"hasParametersDeployed":false,"fixedConnectionDeployed":true,"isSchemaValidationEnabled":false,"tasks":1,"mappingPreviewFileRecordId":"@2","documentType":"MAPPING","references":[{"@type":"reference","refObjectId":"@4ZfBXY9WasNbzLxe1ZHk2t","refType":"frsDocument"},{"@type":"reference","refObjectId":"@6DSkPY76I7yhaeUe6Zu8I5","refType":"mappletTemplate"},{"@type":"reference","refObjectId":"@0PppsCgkPcAj4whCyAuU2X","refType":"connection"}]}]