[{"@type":"mappletTemplate","id":"@1","name":"mplt_aus_bank_account_number_standardize","description":"Mapplet formats a 7 to 13 digit Australia bank account number, regardless of spacing or punctuation. \n\nInputs not equal 13 and less than 7 digits will be returned as is.\n\nValid formats returned are nnnnnnn, nnnnnnnnnnnnn.\n\nTags: Australia, AUS, Financial","documentType":"DMAPPLET","valid":true,"validForEngines":["CDI","CDI_E"],"active":false,"hasFixedReferences":false,"templateId":"@2","templateImageId":"@3"}]