[{"@type":"mappletTemplate","id":"@1","name":"mplt_USA_Phone_Number_Standardization","description":"This mapplet standardizes the format of the phone string to have \nstandard - (nnn) nnn-nnnn\ndashes - nnn-nnn-nnnn\nno spaces - nnnnnnnnnn\nPhone_w_Extension  - (nnn) nnn-nnnn ext nnnnn\n\nTags: Standardize, USA, Customer, North America, Company, Phone","documentType":"DMAPPLET","valid":true,"validForEngines":["CDI","CDI_E"],"active":false,"hasFixedReferences":false,"templateId":"@2","templateImageId":"@3"}]