[{"@type":"mappletTemplate","id":"@1","name":"mplt_GBR_Bank_Account_Parse","description":"Rules parse a UK Bank account number from a longer string. Bank account numbers are typically just an 8 digit string. \nAs a result, this rule will parse any 8 digit string contained in the full text as a bank account number.\n\nTags: Finance, UK, Parse, Europe, Great Britain","documentType":"DMAPPLET","valid":true,"validForEngines":["CDI","CDI_E"],"active":false,"hasFixedReferences":false,"templateId":"@2","templateImageId":"@3"}]