[{"@type":"mappletTemplate","id":"@1","name":"mplt_GBR_Phone_Number_Standardization","description":"This rule will standardise a UK phone number to Internaltional and local dialling formats. \nThe rule assumes that the phone number matches the phone pattern that would be identified by the \nGBR Phone Parse rule.\n\nTags: Phone, Company, Great Britian, Customer, Standardize, Europe, UK","documentType":"DMAPPLET","valid":true,"validForEngines":["CDI","CDI_E"],"active":false,"hasFixedReferences":false,"templateId":"@2","templateImageId":"@3"}]