[{"@type":"mappletTemplate","id":"@1","name":"mplt_GBR_Passport_Number_Parse","description":"Rules parses a UK passport number according the toe Government Data Standards Cataogue definition. \nUK passport number are a 9 digit string of numbers and as a result, this rule will parse any 9 digit string it encounters.\n\nTags: UK, Great Britain, Customer, Europe, National Id, Parse","documentType":"DMAPPLET","valid":true,"validForEngines":["CDI","CDI_E"],"active":false,"hasFixedReferences":false,"templateId":"@2","templateImageId":"@3"}]