[{"@type":"mappletTemplate","id":"@1","name":"mplt_USA_SSN_Standardization","description":"The mapplet formats the input SSN.  Formats include without punctuation, with punctuation and with spaces.\nChange the variable port SSN_Format in the dq_SSN_Format transform as desired.  \nDefault output is without punctuation.\n\nTags: Tax, National Id, North America, SSN, Standardize, USA, Customer","documentType":"DMAPPLET","valid":true,"validForEngines":["CDI","CDI_E"],"active":false,"hasFixedReferences":false,"templateId":"@2","templateImageId":"@3"}]