[{"@type":"mappletTemplate","id":"@1","name":"mplt_nzl_phone_number_standardize","description":"This mapplet standardizes the format of a New Zealand phone number Country Code, Area Code and Landline number.to the formats listed below:\n\nstandard - +nn (nnn) nnnnn\ndashes - +nn-nnnn-nnnn\nno spaces - +nnnnnnnnnn\n\nTags: Integrity, Accuracy, Conformity, New Zealand","documentType":"DMAPPLET","valid":true,"validForEngines":["CDI","CDI_E"],"active":false,"hasFixedReferences":false,"templateId":"@2","templateImageId":"@3"}]