[{"@type":"mappletTemplate","id":"@1","name":"mplt_aus_crn_standardize","description":"Mapplet formats Australia Centrelink Reference Number (CRN) as indicated by the variable value in the expression. Valid formats are No_Punctuation or Space for nnnnnnnnn or nnn nnn nnn respectively. Default setting is No_Punctuation.\n\nTags: Australia, Completeness","documentType":"DMAPPLET","valid":true,"validForEngines":["CDI","CDI_E"],"active":false,"hasFixedReferences":false,"templateId":"@2","templateImageId":"@3"}]