[{"@type":"mappletTemplate","id":"@1","name":"mplt_Salutation_Assignment","description":"This mapplet generates a formal and casual greeting.   Mr John Smith will get a formal greeting of Dear Mr Smith, and the casual greeting will be Dear John,.  The prefix (Dear) and suffix (,) can be changed in dq_Generate_Salutation transform.\n\nTags:  Contact, Accuracy, Integrity/Conformity\n","documentType":"DMAPPLET","valid":true,"validForEngines":["CDI","CDI_E"],"active":false,"hasFixedReferences":false,"templateId":"@2","templateImageId":"@3"}]