[{"@type":"mappletTemplate","id":"@1","name":"mplt_GBR_NHS_Number_Standardize","description":"Formats a 10 digit number into the standard 999 999 9999 standard format for NHS Numbers. All punctuation is removed. An alpha characters will be left as is. \nIf the remaining characters are not a 10 digit number, then the number will not be standardized and the original number will be output.\n\nTags: Contact, Standardize, GBR,UK, Integrity/Conformity","documentType":"DMAPPLET","valid":true,"validForEngines":["CDI","CDI_E"],"active":false,"hasFixedReferences":false,"templateId":"@2"}]