[{"@type":"mappletTemplate","id":"@1","name":"mplt_aus_covid_document_number_standardize","description":"Standardized the input to the Covid Document number format, the default being nnnn-nnnn-nnnn.\nThe option to standardize with a space, or no punctuation is available by updating the Covid_number_Format variable in the expression asset\n\nTags: Australia, Completeness, Conformity","documentType":"DMAPPLET","valid":true,"validForEngines":["CDI","CDI_E"],"active":false,"hasFixedReferences":false,"templateId":"@2","templateImageId":"@3"}]