[{"@type":"mappletTemplate","id":"@1","name":"mplt_nzl_ird_number_standardize","description":"Formats New Zealand Inland Revenue Dept. number (IRD) as indicated by the variable value in the expression. Valid formats are No_Punctuation, Space or Dash for nnnnnnnnn, nnn nnn nnn or nnn-nnn-nnn respectively.\n\nTags: New Zealand, Conformity, Completeness","documentType":"DMAPPLET","valid":true,"validForEngines":["CDI","CDI_E"],"active":false,"hasFixedReferences":false,"templateId":"@2","templateImageId":"@3"}]