[{"@type":"mappletTemplate","id":"@1","name":"mplt_GBR_Phone_Number_Parse","description":"This maplet parses a phone number that follows the standard format for the United Kingdom from a string of text into its own field. \nThe parsing string can recongize phone numbers with a leading zero or with the +44 international dialing code and phone extensions prefixed with hash(#). \nFor best results, remove multiple spaces and any punctuation other than plus(+),parenthesis () or hash (#).\n\nTags: Great Britian, Company, Customer, Europe, UK, Parse, Phone","documentType":"DMAPPLET","valid":true,"validForEngines":["CDI","CDI_E"],"active":false,"hasFixedReferences":false,"templateId":"@2","templateImageId":"@3"}]