[{"@type":"mappingTemplate","id":"@1","name":"m_parameterized_file_movement","description":"","bundleVersion":"0","templateId":"@3","deployTime":1709747502000,"hasParameters":true,"valid":true,"fixedConnection":true,"hasParametersDeployed":true,"fixedConnectionDeployed":true,"isSchemaValidationEnabled":false,"tasks":2,"mappingPreviewFileRecordId":"@2","documentType":"MAPPING","references":[{"@type":"reference","refObjectId":"@3ruZ7cdF688lkAvY5Fc6Yj","refType":"connection"},{"@type":"reference","refObjectId":"@5eyjHvppHM3fuxJohKnkEO","refType":"connection"}]}]