[{"@type":"mappletTemplate","id":"@1","name":"mplt_nzl_bank_account_number_standardize","description":"Formats New Zealand bank account number. Domestic account numbers, include the two digit bank number,  four digit branch number, seven digit account and three/two digit suffix, shown in this format: NN-NNNN-NNNNNNN-NNN or NN-NNNN-NNNNNNN-NN\n\nTags: Finance, New Zealand, Completeness","documentType":"DMAPPLET","valid":true,"validForEngines":["CDI","CDI_E"],"active":false,"hasFixedReferences":false,"templateId":"@2","templateImageId":"@3"}]