[{"@type":"mappletTemplate","id":"@1","name":"mplt_DEU_VAT_Number_Standardize","description":"Mapplet formats a 11 alphanumeric character Germany VAT number, regardless of spacing or punctuation. \n\nInputs not equal 11 and does not match the pattern will be returned as is.\n\nValid sample format returned DE581901216\n\nTags: Germany, VAT, Completeness","documentType":"DMAPPLET","valid":true,"validForEngines":["CDI","CDI_E"],"active":false,"hasFixedReferences":false,"templateId":"@2","templateImageId":"@3"}]