[{"@type":"mappletTemplate","id":"@1","name":"mplt_USA_Personal_Name_Parse_and_Standardize_LFM_Prebuilt","description":"Mapplet uses the prebuilt parser that parses name line in Last-First-Middle format into discrete components, assigns prenames,\nstandardizes the prename, postname and title, title cases all components and builds a full name from the discrete components.","documentType":"DMAPPLET","valid":true,"validForEngines":["CDI","CDI_E"],"active":false,"hasFixedReferences":false,"templateId":"@2","templateImageId":"@3"}]