[{"@type":"mappletTemplate","id":"@1","name":"mplt_CAN_SIN_Standardization","description":"Formats Canadian Social Insurance Number (SIN) as indicated by the varible value in the expression.\nValid formats are No_Punctuation, Space or Dash for nnnnnnnnn, nnn nnn nnn or nnn-nnn-nnn respectivley.\nDefault setting is No_Punctuation.\n\nTags: Canada, Customer, National Id, Tax, Standardize, North America","documentType":"DMAPPLET","valid":true,"validForEngines":["CDI","CDI_E"],"active":false,"hasFixedReferences":false,"templateId":"@2","templateImageId":"@3"}]