[{"@type":"mappletTemplate","id":"@1","name":"mplt_aus_healthcare_identifier_standardize","description":"Formats Australian Australia Healthcare Identifiers IHI number -Individual Health Care, HPI-I Healthcare Provider Identifier - Individual (HPI-I) - and HPO-O -Healthcare Provider Identifier - Organization (HPI-O) as indicated by the variable value in the expression.\nValid formats are No_Punctuation, Space or Dash for nnnnnnnnnnnnnnn, nnnn  nnnn nnnn nnnn or nnnn-nnnn-nnnn-nnnn respectively.\n\nTags: Australia, Health","documentType":"DMAPPLET","valid":true,"validForEngines":["CDI","CDI_E"],"active":false,"hasFixedReferences":false,"templateId":"@2","templateImageId":"@3"}]