[{"@type":"mappletTemplate","id":"@1","name":"mplt_DEU_Driver_License_Number_Standardize","description":"Mapplet formats a 11 character Germany driving license number, regardless of spacing or punctuation. \n\nInputs not equal 11 will be returned as is.\n\nValid sample format returned Y66EPG3020F\n\nTags: Germany, DL, Completeness, High, PII","documentType":"DMAPPLET","valid":true,"validForEngines":["CDI","CDI_E"],"active":false,"hasFixedReferences":false,"templateId":"@2","templateImageId":"@3"}]