[{"@type":"mappletTemplate","id":"@1","name":"mplt_aus_bank_account_number_parse","description":"Mapplet parses an Australia Bank account number from a longer string. Bank account numbers are typically just an 7 to 13 digit string. \nAs a result, this rule will parse any 7 to 13 digit string contained in the full text as a bank account number.\n\n\n\nTags: Finance, Australia, Parse","documentType":"DMAPPLET","valid":true,"validForEngines":["CDI","CDI_E"],"active":false,"hasFixedReferences":false,"templateId":"@2","templateImageId":"@3"}]