[{"@type":"mappletTemplate","id":"@1","name":"mplt_aus_bsb_standardize","description":"Formats Australian BSB number (Bank-State-Branch)  as indicated by the variable value in the expression.\nValid formats are No Punctuation for nnnnnn respectively.\n\n Any alpha characters or input not equal to 6 digits will result in the original input being output.\n\nTags: Standardize, Australia, Finance, Bank","documentType":"DMAPPLET","valid":true,"validForEngines":["CDI","CDI_E"],"active":false,"hasFixedReferences":false,"templateId":"@2","templateImageId":"@3"}]