[{"@type":"mappletTemplate","id":"@1","name":"mplt_BRA_Contact_Data","description":"Rule parses name, provides the gender and prename (Mr./Ms.) if missing and formal or casual greetings.  Standardizes Company name.  Corrects, validates \nand standardizes the address. Standardizes and validates phone, email, and a personal ID.\n\nTags: Address, Validate, Brazil, Customer","documentType":"DMAPPLET","valid":true,"validForEngines":["CDI","CDI_E"],"active":false,"hasFixedReferences":false,"templateId":"@2","templateImageId":"@3"}]