[{"@type":"mappletTemplate","id":"@1","name":"mplt_aus_personal_name_and_data_match","description":"Mapplet finds duplicate individual names and personal data.  The personal data field can contain \nany type of data such as Phone number, Email, TFN, etc. but should be consistently the same type.\nThe Personal data type is the Group key, meaning all the rows are sorted and grouped based on this field.\n\nTags: Australia, Uniqueness, Name","documentType":"DMAPPLET","valid":true,"validForEngines":["CDI","CDI_E"],"active":true,"hasFixedReferences":false,"templateId":"@2","templateImageId":"@3"}]