[{"@type":"mappletTemplate","id":"@1","name":"mplt_aus_phone_number_standardize","description":"This mapplet standardizes the format of an Australia phone number Country Code, Area Code and Landline number.to the formats listed below:\nstandard - +nn (nn) nnnnn\ndashes - +nn-nnnn-nnnn\nno spaces - +nnnnnnnnnn\n\nThis mapplet will parse a US phone number from string of text, validates the area code is valid for the US, and if it is valid,\nreturns the phone number in three different standard formats.  Also returns the status value (Valid / Invalid) and a\nstatus description.\n\nTags: Integrity, Conformity, Accuracy, Validity, Australia","documentType":"DMAPPLET","valid":true,"validForEngines":["CDI","CDI_E"],"active":false,"hasFixedReferences":false,"templateId":"@2","templateImageId":"@3"}]