[{"@type":"mappletTemplate","id":"@1","name":"mplt_FRA_Phone_Number_Standardize","description":"Rule takes in a French phone number and standardizes it to the International and local  formats. Rule will standardize any phone number that can be handled by the France phone parsing rule.\n\nAny input not equal to 9 digits will result in the original input being output.\n\nTags: France, Completeness, High","documentType":"DMAPPLET","valid":true,"validForEngines":["CDI","CDI_E"],"active":false,"hasFixedReferences":false,"templateId":"@2","templateImageId":"@3"}]