[{"@type":"mappletTemplate","id":"@1","name":"mplt_aus_healthcare_identifier_parse","description":"Rules parse an Australia Health Identifier (IHI number -Individual Health Care, HPI-I Healthcare Provider Identifier - Individual (HPI-I) - and HPO-O -Healthcare Provider Identifier - Organization (HPI-O)  from a longer string. Health Identifiers numbers are a 16 digit string. \nAs a result, this rule will parse any 16 digit string contained in the full text as a number that conforms to the format 800360/1/2 NNNNNNNNNN.\n \nTags: Health, Australia, Parse","documentType":"DMAPPLET","valid":true,"validForEngines":["CDI","CDI_E"],"active":false,"hasFixedReferences":false,"templateId":"@2","templateImageId":"@3"}]